player_id,Name,height_cm,weight_kg,score,rebounds,assists,steals,blocks,overall_hit_rate,three_point_hit_rate,offence_score,defence_score,overall_score,jersey_number,position,team,wages
1,Seth Curry,187,83.9,6,1.5,1,0.4,0.1,0.407,0.411,66,60,62,31,PG,Blazers,3
2,Nik Stauskas,198,93,6.2,1.9,1.4,0.3,0.1,0.376,0.281,60,60,60,6,SG,Blazers,3
3,Jake Layman,205,97.5,7.1,2.7,0.6,0.5,0.3,0.489,0.320,66,60,66,10,SF,Blazers,4
4,CJ McCollum,190,86.2,20.7,3.8,2.6,0.8,0.3,0.450,0.330,87,74,84,3,PG,Blazers,6
5,Maurice Harkless,205,99.8,5.9,3.9,0.8,0.9,0.9,0.427,0.266,57,70,65,4,SF,Blazers,3
6,Zach Collins,213,106.6,7,4.3,1,0.4,0.8,0.466,0.221,54,54,60,33,PF,Blazers,3
7,Damian Lillard,190,88.4,26.2,4.5,6.2,1.1,0.5,0.456,0.381,84,78,85,0,PG,Blazers,6
8,Evan Turner,200,99.8,7.9,4.8,4,0.5,0.3,0.478,0.078,69,75,70,1,SF,Blazers,4
9,Al-Farouq Aminu,205,99.8,9.5,8.2,1.2,0.9,0.4,0.437,0.374,85,73,81,8,SF,Blazers,5
10,Jusuf Nurkic,213,124.7,15.2,10.4,3.2,1.1,1.5,0.506,0.051,75,82,80,27,C,Blazers,5
11,Tyrone Wallace,195,89.8,4,1.7,0.6,0.4,0.2,0.426,0.044,60,60,60,9,SG,Clipper,3
12,Shai Gilgeous-Alexander,198,82.1,9.7,2.6,2.9,1,0.6,0.448,0.300,72,84,75,2,SG,Clipper,5
13,Lou Williams,185,79.4,18.8,2.9,5,0.6,0.1,0.432,0.398,83,72,77,23,PG,Clipper,5
14,Boban Marjanovic,220,131.5,6.6,4,0.6,0.3,0.5,0.502,0.000,55,60,60,51,C,Clipper,3
15,Patrick Beverley,185,83.9,6.7,4.3,3.4,0.7,0.5,0.377,0.322,67,86,76,21,PG,Clipper,5
16,Marcin Gortat,210,108.8,5.2,5.7,1.4,0.1,0.5,0.490,0.000,50,63,60,13,C,Clipper,3
17,Danilo Gallinari,208,102,19,6,2.5,0.7,0.3,0.448,0.438,84,81,83,8,SF,Clipper,5
18,Montrezl Harrell,203,108.8,15.5,6.8,1.7,0.9,1.4,0.603,0.020,75,80,77,5,Pf,Clipper,5
19,Tobias Harris,205,106.6,21.1,8,2.5,0.8,0.4,0.496,0.414,85,82,84,34,SF,Clipper,6
20,Shelvin Mack,190,92.1,8.1,2,3.4,0.8,0.1,0.420,0.289,60,60,62,6,PG,Grizzlies,3
21,Garrett Temple,198,88.4,9.4,3.1,1.4,1,0.5,0.436,0.339,68,66,66,17,SG,Grizzlies,4
22,Mike Conley,185,79.4,20,3.3,6.1,1.4,0.4,0.424,0.334,89,86,89,11,PG,Grizzlies,6
23,Joakim Noah,210,104.3,3.9,4,1.1,0.4,0.5,0.429,0.000,58,61,61,55,C,Grizzlies,3
24,Justin Holiday,198,82.1,10.2,4.2,2,1.7,0.5,0.355,0.344,73,73,72,7,SG,Grizzlies,4
25,Jaren Jackson Jr.,210,109.7,13.5,4.6,1.1,0.9,1.5,0.507,0.286,75,74,73,13,PF,Grizzlies,4
26,Kyle Anderson,205,104.3,7.9,5.8,3,1.3,0.9,0.553,0.133,55,60,60,1,SF,Grizzlies,3
27,JaMychal Green,205,102.9,10.6,6.5,1,0.9,0.7,0.494,0.334,73,76,74,0,SF,Grizzlies,4
28,Marc Gasol,215,115.6,15.4,8.7,4.7,1.2,1.3,0.443,0.337,81,77,83,33,C,Grizzlies,5
29,Alec Burks,198,97,8.4,1.6,1.2,0.4,0.2,0.382,0.347,63,55,59,10,SG,Jazz,3
30,Dante Exum,198,86.2,7.4,1.7,2.7,0.4,0.1,0.416,0.242,66,55,58,11,SG,Jazz,3
31,Kyle Korver,200,96.1,8.8,2.1,1,0.3,0.2,0.413,0.362,77,74,76,26,SG,Jazz,5
32,Ricky Rubio,193,86.2,12.7,3.5,6,1.3,0.2,0.380,0.308,77,75,78,3,PG,Jazz,5
33,Donovan Mitchell,190,97.5,22.3,3.8,3.9,1.6,0.4,0.418,0.310,81,87,83,45,PG,Jazz,5
34,Joe Ingles,203,102.5,11.5,3.9,4.9,1.4,0.2,0.411,0.320,73,73,73,2,SF,Jazz,4
35,Jae Crowder,198,106.6,12,4.7,1.6,0.8,0.4,0.391,0.313,80,70,74,99,SF,Jazz,4
36,Derrick Favors,208,120.2,11,7.1,1,0.7,1.2,0.570,0.167,78,80,75,15,PF,Jazz,5
37,Rudy Gobert,215,111.1,15,13.1,2.2,0.9,2.1,0.660,0.000,80,86,83,27,C,Jazz,5
38,Frank Mason,180,86.2,4.6,1.1,2.5,0.5,0.1,0.327,0.159,55,55,55,10,PG,Kings,3
39,Iman Shumpert,195,97.5,8.7,2.9,2.1,1.2,0.4,0.368,0.341,64,70,70,9,SG,Kings,4
40,Bogdan Bogdanovic,198,93,15.1,3.6,4.2,0.9,0.2,0.428,0.356,75,71,72,8,SG,Kings,4
41,De'Aaron Fox,190,79.4,17.5,3.7,7.3,1.8,0.5,0.454,0.344,86,75,78,5,PG,Kings,5
42,Kosta Koufos,213,111.1,3.8,4.7,0.9,0.4,0.5,0.424,0.000,55,66,62,41,C,Kings,3
43,Buddy Hield,193,97,20.3,5,2.2,0.5,0.3,0.477,0.448,83,67,76,24,PG,Kings,5
44,Nemanja Bjelica,208,106.1,10.1,5.9,2.1,0.8,0.8,0.462,0.389,69,79,69,88,SF,Kings,4
45,Marvin Bagley III,210,106.1,12.7,6.5,0.9,0.5,0.9,0.537,0.229,73,73,73,35,PF,Kings,4
46,Willie Cauley-Stein,213,108.8,13.3,8.7,2.7,1.3,0.6,0.539,0.020,74,74,74,0,C,Kings,4
47,Michael Beasley,205,106.6,7.5,2.1,0.8,0.4,0.4,0.435,0.070,55,55,55,11,SF,Lacker,3
48,Lance Stephenson,198,104.3,7,3,2,0.6,0.1,0.419,0.316,55,66,66,6,SG,Lacker,4
49,Josh Hart,195,97.5,9.1,4.1,1.5,1.1,0.6,0.434,0.363,75,75,75,3,SG,Lacker,5
50,Ivica Zubac,215,108.8,8,4.4,0.7,0.1,0.8,0.497,0.000,66,66,65,40,C,Lacker,3
51,Caldwell-Pope,195,93,10,2.7,1.1,0.8,0.1,0.406,0.326,69,74,66,1,SG,Lakers,4
52,Rajon Rondo,185,84.4,8.4,4.4,6.7,1,0,0.419,0.399,80,80,85,9,PG,Lakers,6
53,Brandon Ingram,205,86.2,16.4,4.9,2.9,0.6,0.6,0.486,0.289,60,66,66,14,SF,Lakers,4
54,Lonzo Ball,198,86.2,9.9,5.3,5.4,1.5,0.4,0.388,0.310,66,77,76,2,PG,Lakers,5
55,Tyson Chandler,215,108.8,3.7,5.6,0.9,0.3,0.1,0.587,0.000,70,85,80,5,C,Lakers,5
56,Kyle Kuzma,205,99.8,19.3,6,2.4,0.7,0.4,0.452,0.283,84,77,80,0,PF,Lakers,5
57,JaVale McGee,213,122.4,10.9,6.9,0.8,0.7,2.2,0.587,0.013,75,85,83,7,C,Lakers,5
58,LeBron James,203,113.4,27.3,8.3,7.1,1.3,0.7,0.515,0.333,94,93,98,23,SF,Lakers,7
59,Devin Harris,190,83.9,6.4,1.5,1.3,0.7,0.2,0.382,0.244,71,67,69,34,PG,Mavericks,4
60,Jalen Brunson,190,86.2,6.6,1.7,2.1,0.5,0,0.389,0.198,60,60,60,13,PG,Mavericks,3
61,Dirk Nowitzki,213,111.1,3.5,1.8,0.4,0.1,0.4,0.292,0.255,77,75,78,41,PF,Mavericks,5
62,Wesley Matthews,195,99.8,13,2.3,2.4,0.8,0.3,0.403,0.345,75,60,71,23,SG,Mavericks,4
63,J.J. Barea,182,83.9,10.9,2.5,5.6,0.6,0,0.401,0.254,77,72,75,5,PG,Mavericks,5
64,Dwight Powell,210,108.8,8.5,4.1,1,0.5,0.6,0.587,0.103,63,70,70,7,PF,Mavericks,4
65,Harrison Barnes,203,102,17.7,4.1,1.2,0.7,0.2,0.406,0.392,80,73,74,40,SF,Mavericks,4
66,Dorian Finney-Smith,203,99.8,7.6,4.5,0.8,1,0.5,0.453,0.357,66,66,64,10,SF,Mavericks,3
67,Luka Doncic,200,98.9,20.2,6.8,5.3,1.2,0.3,0.423,0.362,75,75,77,77,SF,Mavericks,5
68,Monte Morris,190,79.4,10,2.4,3.7,0.9,0,0.472,0.426,68,60,64,11,PG,Nuggets,3
69,Gary Harris,193,95.2,15.3,3.1,2.7,0.9,0.4,0.430,0.284,77,70,71,14,PG,Nuggets,4
70,Torrey Craig,200,97.5,6,4.2,1,0.5,0.6,0.422,0.225,57,60,61,3,SF,Nuggets,3
71,Trey Lyles,208,106.1,9.4,4.3,1.4,0.6,0.4,0.416,0.265,66,71,73,7,Sf,Nuggets,4
72,Jamal Murray,193,93.9,18.5,4.4,4.9,0.8,0.4,0.431,0.305,76,73,74,27,PG,Nuggets,4
73,Will Barton,198,86.2,12.3,4.8,3.3,0.3,0.6,0.416,0.454,72,62,77,5,SG,Nuggets,5
74,Juancho Hernangomez,205,104.3,8.3,5.1,1,0.4,0.4,0.433,0.355,61,66,65,41,SF,Nuggets,3
75,Mason Plumlee,210,106.6,7.5,5.9,2.6,1,0.9,0.614,0.021,70,70,70,24,C,Nuggets,4
76,Paul Millsap,203,111.6,12.7,6.7,1.8,1.3,0.8,0.462,0.273,70,78,77,4,SF,Nuggets,5
77,Nikola Jokic,213,113.4,19.8,10.3,7.7,1.3,0.7,0.487,0.312,81,80,80,15,C,Nuggets,5
78,Darius Miller,203,102,7.3,1.7,1.5,0.6,0.4,0.372,0.336,55,60,60,21,SF,Pelicans,3
79,Wesley Johnson,200,97.5,3.8,2.3,0.7,0.4,0.3,0.336,0.380,54,60,60,33,PG,Pelicans,3
80,E'Twaun Moore,193,86.6,12.4,2.5,2.1,0.8,0.2,0.450,0.359,77,82,80,55,PG,Pelicans,5
81,Tim Frazier,185,77.1,4.6,2.7,4,0.5,0.1,0.356,0.261,66,66,66,10,PG,Pelicans,4
82,Solomon Hill,200,102,3.9,3.2,1.2,0.6,0.3,0.381,0.231,57,66,65,44,SF,Pelicans,3
83,Jahlil Okafor,210,124.7,5.8,3.5,0.4,0.2,0.5,0.439,0.000,56,55,55,8,C,Pelicans,3
84,Elfrid Payton,193,83.9,10,3.7,5.9,1.2,0.2,0.424,0.386,68,77,74,4,PG,Pelicans,4
85,Jrue Holiday,193,93,21,4.8,8.2,1.7,0.8,0.486,0.301,88,83,84,11,PG,Pelicans,6
86,Nikola Mirotic,208,113.4,16.7,8.3,1.1,0.7,0.8,0.411,0.321,78,78,78,3,PF,Pelicans,5
87,Julius Randle,205,113.4,19.9,9.3,3,0.6,0.6,0.538,0.228,80,80,80,30,PF,Pelicans,5
88,Anthony Davis,208,114.7,29.3,13.3,4.4,1.7,2.6,0.499,0.293,91,86,97,23,PF,Pelicans,7
89,Austin Rivers,193,90.7,7.2,2.4,2,0.6,0.3,0.369,0.270,67,64,63,25,SG,Rockets,3
90,Eric Gordon,193,97.5,16.3,2.6,2.1,0.6,0.4,0.383,0.300,79,79,78,10,SG,Rockets,5
91,Gerald Green,200,93,9.2,2.8,0.6,0.4,0.4,0.378,0.329,66,60,64,14,SG,Rockets,3
92,James Ennis III,200,95.2,7.2,2.8,0.6,0.9,0.4,0.465,0.261,67,60,66,8,SF,Rockets,4
93,Nene,210,113.4,4,3.4,0.6,0.3,0.3,0.511,0.000,58,65,63,42,C,Rockets,3
94,Danuel House Jr.,200,99.8,9,3.6,1,0.6,0.4,0.438,0.356,65,66,64,4,SF,Rockets,3
95,Kenneth Faried,203,99.8,5.1,3.7,0.2,0.2,0.3,0.514,0.050,55,60,62,35,SF,Rockets,3
96,Chris Paul,182,79.4,15.6,4,8,2.1,0.3,0.404,0.313,88,86,93,3,PG,Rockets,7
97,Carmelo Anthony,203,108.8,13.4,5.4,0.5,0.4,0.7,0.386,0.275,85,78,86,0,SF,Rockets,6
98,PJ Tucker,198,111.1,8.2,6.3,1.3,1.5,0.4,0.412,0.378,65,76,70,17,SG,Rockets,4
99,James Harden,195,99.8,36.2,6.5,8.2,2.1,0.7,0.444,0.377,92,79,93,13,SG,Rockets,7
100,Clint Capela,208,108.8,17.6,12.6,1.5,0.6,1.8,0.640,0.000,77,81,86,15,C,Rockets,6
101,Marco Belinelli,195,95.2,10.9,2.3,1.9,0.5,0.1,0.403,0.342,73,60,73,18,PG,Spurs,4
102,Patty Mills,182,81.6,9.4,2.4,2.9,0.7,0.2,0.415,0.390,68,65,70,8,SG,Spurs,4
103,Bryn Forbes,190,86.2,12.1,2.9,2.2,0.6,0,0.457,0.427,77,60,66,11,PG,Spurs,4
104,Derrick White,193,86.2,9,3.3,3.6,1,0.5,0.444,0.300,64,64,64,4,SG,Spurs,3
105,Davis Bertans,208,103,7.7,3.5,1.1,0.5,0.5,0.498,0.464,60,60,60,42,SF,Spurs,3
106,Dante Cunningham,203,104.3,3.5,3.7,1,0.5,0.3,0.396,0.226,53,60,58,33,SF,Spurs,3
107,Jakob Poeltl,213,104.3,5.3,4.9,1.2,0.2,0.7,0.597,0.000,55,55,55,25,C,Spurs,3
108,Pau Gasol,213,113.4,4.4,5.2,2,0.1,0.7,0.349,0.176,62,66,65,16,PF,Spurs,3
109,DeMar DeRozan,200,99.8,21.5,6.2,6.3,1.1,0.5,0.470,0.053,87,79,86,10,SF,Spurs,6
110,Rudy Gay,203,104.3,14,6.4,2.4,0.9,0.6,0.520,0.391,73,75,74,22,SF,Spurs,4
111,LaMarcus Aldridge,210,117.9,20.6,8.6,2.6,0.6,1.2,0.512,0.083,86,75,85,12,PF,Spurs,6
112,Jamal Crawford,195,83.9,6.3,1.2,3.3,0.4,0.2,0.281,0.200,62,55,57,11,SG,Suns,3
113,Elie Okobo,190,86.2,6.1,1.9,2.3,0.7,0.1,0.353,0.232,57,55,56,2,PG,Suns,3
114,De'Anthony Melton,193,90.7,5.5,2.6,3.3,1.5,0.5,0.363,0.295,55,60,63,14,PG,Suns,3
115,Mikal Bridges,200,95.2,7.5,2.9,1.6,1.4,0.6,0.444,0.309,55,70,65,25,SF,Suns,3
116,Devin Booker,198,95.2,24.6,3.6,6.7,0.9,0.2,0.448,0.307,86,75,83,1,SG,Suns,5
117,T.J. Warren,203,97.5,18,4,1.5,1.2,0.7,0.480,0.399,88,80,83,12,SF,Suns,5
118,Josh Jackson,203,90.7,10,4.2,2.2,1,0.6,0.422,0.280,67,60,63,20,SF,Suns,3
119,Richaun Holmes,208,106.6,8,4.4,0.8,0.6,1.1,0.620,0.000,65,74,73,21,PF,Suns,4
120,Deandre Ayton,215,113.4,16.4,10.6,2,0.8,1,0.599,0.000,75,85,80,22,C,Suns,5
121,Alex Abrines,198,90.7,5.6,1.6,0.7,0.6,0.2,0.284,0.257,55,65,60,8,SG,Thunder,3
122,Abdel Nader,198,102,3.9,1.6,0.3,0.2,0.1,0.364,0.253,56,60,60,11,SG,Thunder,3
123,Terrance Ferguson,200,86.2,6.3,1.9,0.7,0.6,0.2,0.422,0.291,56,55,55,23,PG,Thunder,3
124,Hamidou Diallo,195,89.8,4.4,2.3,0.4,0.4,0.2,0.389,0.063,61,61,64,6,SG,Thunder,3
125,Dennis Schroder,185,78,15.3,3.5,4.3,1,0.1,0.409,0.311,75,70,71,17,PG,Thunder,4
126,Jerami Grant,205,99.8,12.8,5,0.9,0.9,1.4,0.512,0.345,70,79,76,9,SF,Thunder,5
127,Paul George,205,99.8,26.9,8,4,2.3,0.5,0.449,0.408,86,82,82,13,SF,Thunder,5
128,Steven Adams,213,120.2,15.4,10,1.7,1.5,0.8,0.616,0.000,80,83,85,12,C,Thunder,6
129,Russell Westbrook,190,90.7,21.9,10.8,10.7,2.4,0.3,0.419,0.235,91,89,95,0,PG,Thunder,7
130,Tyus Jones,187,88.9,5.4,1.7,4,1.3,0.1,0.350,0.197,50,58,67,1,SG,Timber Wolves,4
131,Luol Deng,205,107.5,4.5,2.3,0.5,0.5,0.2,0.504,0.150,55,60,61,9,PF,Timber Wolves,3
132,Jeff Teague,187,88.4,11.5,2.4,8.1,1.1,0.4,0.397,0.324,77,75,78,0,SG,Timber Wolves,5
133,Derrick Rose,190,90.7,18.6,2.8,4.7,0.6,0.3,0.475,0.342,80,80,80,25,SG,Timber Wolves,5
134,Josh Okogie,193,96.1,7.4,3,1.2,0.9,0.4,0.350,0.199,55,67,65,20,PG,Timber Wolves,3
135,Gorgui Dieng,210,114.3,5.3,4.1,0.8,0.5,0.5,0.487,0.184,70,70,71,5,C,Timber Wolves,4
136,Andrew Wiggins,203,88,17.7,4.6,2.2,1,0.5,0.394,0.329,85,91,88,22,SF,Timber Wolves,6
137,Robert Covington,205,102,11.3,5.2,1.1,1.8,1.8,0.439,0.393,71,77,74,33,SF,Timber Wolves,4
138,Dario Saric,208,101.1,11.1,6.6,2,0.3,0.2,0.411,0.310,84,72,80,36,SF,Timber Wolves,5
139,Taj Gibson,205,105.2,10.8,6.9,1.3,0.8,0.6,0.590,0.110,70,75,75,67,PF,Timber Wolves,5
140,Karl-Anthony Towns,213,112.5,22.8,12.3,3.1,1,1.9,0.501,0.430,95,85,95,32,C,Timber Wolves,7
141,Shaun Livingston,200,87.1,4.6,1.9,2,0.5,0.4,0.415,0.000,54,55,55,34,SG,Warriors,3
142,Quinn Cook,187,81.2,7.6,2.2,1.7,0.3,0.1,0.382,0.332,67,54,68,4,PG,Warriors,4
143,Andre Iguodala,198,97.5,5.6,3.8,3,0.9,0.8,0.470,0.237,55,55,54,9,SF,Warriors,3
144,Klay Thompson,200,97.5,22.1,4.1,2,1.2,0.7,0.456,0.350,87,82,87,11,SG,Warriors,6
145,Jonas Jerebko,208,104.8,7.1,4.9,1.6,0.3,0.2,0.453,0.337,68,55,60,21,SF,Warriors,3
146,Stephen Curry,190,86.2,29.3,5.2,5.6,1.2,0.4,0.485,0.433,82,95,95,30,PG,Warriors,7
147,Kevon Looney,205,99.8,6.6,5.9,1.9,0.5,0.8,0.594,0.021,56,75,73,5,C,Warriors,4
148,Kevin Durant,205,108.8,28,7.4,6,0.8,1.1,0.516,0.389,94,94,98,35,SF,Warriors,7
149,DeMarcus Cousins,210,122.4,11,7.5,4,0.5,0.5,0.335,0.375,94,82,95,0,C,Warriors,7
150,Draymond Green,200,104.3,7.2,7.7,7.7,1.6,0.9,0.366,0.178,85,90,88,23,SF,Warriors,6
151,Kawhi Leonard,200,104.3,27.8,7.9,3.2,1.9,0.5,0.504,0.342,92,91,96,2,SF,Raptors,7
152,Kyle Lowry,185,88.9,14.1,4.5,9.4,1.4,0.5,0.401,0.318,77,81,81,7,PG,Raptors,5
153,Serge Ibaka,208,106.6,16.3,7.5,1.4,0.5,1.5,0.527,0.259,74,81,78,9,PF,Raptors,5
154,Danny Green,198,97.5,10.2,4.1,1.3,0.9,0.8,0.444,0.411,65,77,77,41,SG,Raptors,5
155,OG Anunoby,203,105.2,7.4,3,0.7,0.7,0.3,0.437,0.322,70,70,77,3,SF,Raptors,5
156,Jonas Valanciuna,213,120.2,12.8,7.2,1,0.4,0.8,0.567,0.167,70,80,75,17,C,Raptors,5
157,Fred VanVleet,182,88.4,10.4,2.7,4.5,0.9,0.3,0.385,0.342,70,75,75,23,PG,Raptors,5
158,Delon Wright,195,83,6.7,2.6,2.2,0.9,0.3,0.389,0.277,66,75,75,55,SG,Raptors,5
159,Pascal Siakam,205,104.3,15.2,7.1,2.9,1,0.7,0.565,0.298,73,80,74,43,SF,Raptors,4
160,CJ Miles,198,99.8,5.3,1.7,0.6,0.4,0.2,0.318,0.308,65,65,64,0,SG,Raptors,3
161,Kyrie Irving,190,87.5,23.5,4.8,6.9,1.7,0.5,0.501,0.418,87,78,87,11,PG,Celtics,6
162,Jayson Tatum,203,94.3,16.3,6.2,1.8,1,0.8,0.448,0.375,77,77,83,0,SF,Celtics,5
163,Jaylen Brown,200,99.8,12.3,4.3,1.4,0.9,0.6,0.439,0.261,79,86,82,7,SF,Celtics,5
164,Al Horford,208,111.1,12.2,6.4,3.6,0.8,1.4,0.532,0.328,89,74,82,42,PF,Celtics,5
165,Marcus Morris,205,106.6,14.8,6,1.4,0.6,0.3,0.469,0.409,75,70,77,13,SP,Celtics,5
166,Gordon Hayward,203,102,11,4.6,3.5,1,0.2,0.389,0.272,86,74,85,20,SF,Celtics,6
167,Marcus Smart,193,99.8,7.9,2.8,4,1.7,0.4,0.373,0.271,66,76,70,36,PG,Celtics,4
168,Terry Rozier,185,86.2,8.7,4.1,2.9,0.9,0.2,0.362,0.324,66,70,68,12,PG,Celtics,3
169,Aron Baynes,208,117.9,5.5,4.5,1.2,0.1,0.6,0.466,0.226,66,66,66,46,PF,Celtics,3
170,Daniel Theis,203,110.2,6.4,4.1,1.1,0.3,0.6,0.461,0.246,65,64,65,27,SF,Celtics,3
171,Jimmy Butler,203,105.2,19.5,4.9,3.7,2,0.6,0.459,0.303,88,90,90,23,SF,76ers,1
172,Joel Embiid,213,113.4,27.2,13.3,3.5,0.6,2,0.493,0.276,92,85,90,21,C,76ers,1
173,Ben Simmons,208,104.3,16.6,9.5,8.3,1.3,0.8,0.584,0.000,88,88,90,25,PF,76ers,6
174,JJ Redick,193,90.7,18.4,2.2,2.8,0.4,0.2,0.445,37.600,88,77,84,17,SG,76ers,5
175,T.J. McConnell,187,86.2,6.7,2.2,3.9,1.2,0.3,0.540,0.109,77,75,77,12,PG,76ers,5
176,Markelle Fultz,193,90.7,8.2,3.7,3.1,0.9,0.3,0.402,0.107,81,81,83,20,PG,76ers,5
177,Wilson Chandler,205,102,6.6,4.8,1.9,0.6,0.5,0.426,0.359,74,76,74,22,SF,76ers,4
178,Corey Brewer,205,84.4,7.7,2,1.7,1.7,0.7,0.400,0.333,73,80,75,0,SG,76ers,5
179,Mike Muscala,210,108.8,7.3,4.2,1.4,0.4,0.6,0.370,0.306,66,66,66,31,PF,76ers,3
180,Landry Shamet,195,85.3,8.4,1.5,0.9,0.5,0.1,0.440,0.395,66,66,66,1,SG,76ers,3
181,Giannis Antetokounmpo,210,109.7,26.6,12.6,5.9,1.5,1.5,0.580,0.136,90,90,98,34,SF,Bucks,7
182,Khris Middleton,203,100.7,17.3,5.8,4.1,1.1,0.1,0.437,0.372,77,77,77,22,SF,Bucks,5
183,Eric Bledsoe,185,93,15.8,4.4,5.5,1.4,0.4,0.497,0.292,75,75,75,6,PG,Bucks,5
184,Malcolm Brogdon,195,103.9,15.7,4.5,3.3,0.8,0.3,0.510,0.444,70,70,72,13,SG,Bucks,4
185,Brook Lopez,213,122.4,12,4,1,0.4,2.1,0.448,0.373,75,86,83,11,C,Bucks,5
186,Thon Maker,215,100.2,4.7,2.7,0.5,0.3,0.5,0.418,0.240,65,65,64,7,PF,Bucks,3
187,George Hill,190,85.3,7.5,2.4,2.4,0.9,0.1,0.419,0.310,73,75,76,3,PG,Bucks,5
188,Ersan Ilyasova,208,106.6,6.7,4.7,1,0.7,0.3,0.423,0.321,70,70,70,77,SF,Bucks,4
189,D.J. Wilson,208,104.8,5.9,4.8,1,0.4,0.6,0.427,0.421,55,67,69,5,SF,Bucks,4
190,Dwyane Wade,195,99.8,13.8,3.7,4.1,0.6,0.5,0.418,0.271,75,76,78,3,SG,Heat,5
191,Goran Dragic,190,86.2,15.3,3.1,4.9,0.7,0.3,0.394,0.283,79,67,78,7,PG,Heat,5
192,Josh Richardson,198,90.7,17.6,3.8,3.9,1.1,0.5,0.404,0.363,78,80,79,0,SG,Heat,5
193,Hassan Whiteside,213,120.2,12.6,12.3,0.9,0.6,2.3,0.540,0.024,75,84,80,21,C,Heat,5
194,Justise Winslow,200,102,12.5,5.3,4.1,1,0.3,0.418,0.359,75,70,72,20,SF,Heat,4
195,Bam Adebayo,208,115.6,8,6.7,2.1,0.7,0.9,0.554,0.021,73,73,73,13,PF,Heat,4
196,Derrick Jones Jr.,200,90.7,7.6,4.5,0.5,0.8,0.7,0.504,0.260,81,84,85,5,SF,Heat,6
197,Kelly Olynyk,213,108.8,8.8,4.1,1.7,0.6,0.3,0.410,0.302,65,65,65,9,PF,Heat,3
198,Kelly Olynyk,193,86.2,11.2,2.8,2.6,1,0.5,0.434,0.363,70,70,70,8,PG,Heat,4
199,Wayne Ellington,195,90.7,7.9,1.9,1.3,1,0.1,0.293,0.287,65,68,67,2,SG,Heat,3
200,Zach LaVine,195,90.7,23,4.5,4.2,1,0.4,0.466,0.320,84,76,82,8,SG,Bulls,5
201,Lauri Markkanen,213,108.8,18.3,8.4,1,0.8,0.8,0.438,0.390,80,76,78,24,PF,Bulls,5
202,Kris Dunn,193,93,12.2,4.2,6.4,1.4,0.6,0.438,0.327,75,75,75,32,SG,Bulls,5
203,Wendell Carter Jr.,208,115.6,10.3,7,1.8,0.6,1.3,0.477,0.074,74,74,74,34,C,Bulls,4
204,Antonio Blakeney,193,87.1,7.6,1.6,0.5,0.2,0.2,0.400,0.332,70,70,70,9,SG,Bulls,4
205,Ryan Arcidiacono,190,90.7,5.8,2.3,3.5,1,0,0.362,0.328,70,74,73,51,PG,Bulls,4
206,Chandler Hutchison,200,89.3,5.2,4.2,0.8,0.5,0.1,0.449,0.209,65,65,65,15,SF,Bulls,3
207,Shaquille Harrison,193,86.2,5.4,2.6,1.7,1.2,0.4,0.344,0.136,75,75,75,3,PG,Bulls,5
208,Robin Lopez,213,24.7,6.4,3,0.9,0.2,0.9,0.501,0.109,83,73,77,42,C,Bulls,5
209,D'Angelo Russell,195,89.8,19.8,3.7,6.5,1.1,0.3,0.421,0.353,85,80,83,1,PG,Nets,5
210,Caris LeVert,200,92.5,17.9,4.1,3.7,1.5,0.3,0.470,0.251,83,81,83,22,SG,Nets,5
211,Spencer Dinwiddie,198,95.2,17.2,2.5,5,0.6,0.2,0.455,0.371,83,80,82,8,SG,Nets,5
212,Joe Harris,198,98.9,13.4,3.7,2.6,0.5,0.2,0.486,0.468,82,75,77,12,SG,Nets,5
213,Jarrett Allen,210,107.5,11.2,8.7,1.5,0.6,1.5,0.595,0.059,82,77,76,31,C,Nets,5
214,Ed Davis,208,102,5.9,8.7,0.8,0.5,0.4,0.594,0.000,66,66,66,17,C,Nets,3
215,Rondae Hollis-Jefferson,200,98.4,9.3,5.4,1.7,0.7,0.5,0.366,0.132,70,66,66,24,SF,Nets,3
216,DeMarre Carroll,203,97.5,11.1,5.1,1.4,0.5,0.1,0.388,0.286,74,74,74,9,SF,Nets,4
217,Jared Dudley,200,107.5,5,2.8,1.5,0.7,0.3,0.417,0.294,70,70,70,6,SF,Nets,4
218,Shabazz Napier,185,81.6,9.8,1.8,2.5,0.8,0.3,0.375,0.311,70,74,73,13,PG,Nets,4
219,Treveon Graham,195,102,5.4,3.1,1.1,0.4,0.3,0.298,0.218,65,65,65,21,SF,Nets,3
220,DeAndre Jordan,210,120.2,11.1,13.9,2,0.7,1.1,0.669,0.000,80,89,83,6,C,Knicks,5
221,Tim Hardaway Jr.,198,93,19.1,3.5,2.7,0.9,0.1,0.380,0.355,83,83,82,11,SG,Knicks,5
222,Emmanuel Mudiay,195,90,14.7,3.1,3.9,0.8,0.3,0.427,0.258,80,80,80,1,PG,Knicks,5
223,Enes Kanter,210,113.4,14,10.5,1.9,0.4,0.4,0.531,0.125,80,85,80,0,C,Knicks,5
224,Dennis Smith Jr.,203,102,17.7,4.1,1.2,0.7,0.2,0.406,0.392,77,77,77,5,SF,Knicks,5
225,Wesley Matthews,195,99.8,12.8,2.3,2.3,0.7,0.3,0.396,0.342,68,68,68,23,SG,Knicks,3
226,Noah Vonleh,205,113.4,8.4,8.3,2,0.7,0.8,0.445,0.281,74,74,74,32,SF,Knicks,4
227,Mario Hezonja,203,102,7.9,3.6,1,1,0.1,0.359,0.193,70,70,70,8,SF,Knicks,4
228,Allonzo Trier,195,90.7,10,3,2,0.4,0.3,0.432,0.301,70,74,73,14,SG,Knicks,4
229,Kevin Knox,205,97.5,12.4,4.2,0.9,0.6,0.3,0.342,0.304,65,65,65,20,SF,Knicks,3
230,Damyean Dotson,198,95.2,9.2,3.5,1.4,0.9,0.1,0.421,0.362,75,75,75,21,SG,Knicks,5
231,Victor Oladipo,193,95.2,18.8,5.6,5.2,1.7,0.3,0.413,0.309,82,85,83,4,PG,Pacers,5
232,Bojan Bogdanovic,203,198,16.7,4,1.8,0.9,0,0.485,0.458,80,80,80,44,SF,Pacers,5
233,Domantas Sabonis,210,108.8,14.2,9.2,2.7,0.7,0.5,0.605,0.113,78,78,78,11,PF,Pacers,5
234,Myles Turner,210,113.4,13.4,7,1.7,0.7,2.7,0.514,0.339,78,88,84,33,PF,Pacers,5
235,Thaddeus Young,203,100.2,12.7,6.4,2.1,1.6,0.4,0.545,0.239,74,73,75,21,SF,Pacers,5
236,Darren Collison,182,79.4,10.3,2.9,5.8,1.5,0.1,0.455,0.391,75,86,83,2,PG,Pacers,5
237,Cory Joseph,190,87.5,7.2,3.6,3.9,1.1,0.2,0.423,0.291,65,65,64,6,PG,Pacers,3
238,Tyreke Evans,198,99.8,10.5,2.8,2.4,1,0.2,0.385,0.344,73,75,76,12,PG,Pacers,5
239,Kyle O'Quinn,208,113.4,2.7,2.4,1.1,0.1,0.6,0.311,0.000,70,70,70,10,PF,Pacers,4
240,Doug McDermott,203,102,6.7,1.3,0.8,0.2,0.1,0.441,0.325,55,67,69,20,SF,Pacers,4
241,Andre Drummond,210,126.5,17.1,14.9,1.2,1.5,1.8,0.524,0.057,78,86,90,0,C,Pistons,1
242,Blake Griffin,208,113.4,26.1,8.1,5.3,0.8,0.4,0.474,0.374,86,79,88,23,PF,Pistons,6
243,Reggie Jackson,190,94.3,14.8,2.8,4.4,0.7,0.1,0.411,0.349,77,77,80,1,PG,Pistons,5
244,Ish Smith,182,79.4,8.5,1.9,2.9,0.5,0.3,0.362,0.354,75,75,75,14,PG,Pistons,5
245,Luke Kennard,195,93.4,8.2,2.8,1.4,0.4,0.2,0.390,0.330,74,76,77,5,SG,Pistons,5
246,Zaza Pachulia,210,122,4.6,4.7,1.5,0.7,0.3,0.430,0.000,66,76,70,27,C,Pistons,4
247,Stanley Johnson,200,111,7.5,3.6,1.3,1,0.3,0.341,0.226,66,70,68,3,SF,Pistons,3
248,Jose Calderon,190,90,2.5,1.2,2.5,0.4,0.1,0.345,0.207,66,66,66,81,PG,Pistons,3
249,Bruce Brown,195,91.6,4.6,2.8,1.3,0.4,0.5,0.341,0.190,65,64,65,6,SG,Pistons,3
250,Kevin Love,208,113,16,11,3,0.2,0.2,0.312,0.242,86,76,88,0,PF,Cavaliers,6
251,Jordan Clarkson,195,88,16.8,3.4,2.4,0.7,0.2,0.442,0.307,76,72,76,8,SG,Cavaliers,5
252,Collin Sexton,187,86.2,14.8,3,2.8,0.5,0.1,0.406,0.340,76,72,76,2,PG,Cavaliers,5
253,Tristan Thompson,208,107.8,11.5,11.1,2.1,0.8,0.5,0.540,0.000,70,75,75,13,C,Cavaliers,5
254,Cedi Osman,203,97.5,12.6,4.6,2.3,0.8,0.2,0.400,0.285,70,77,77,16,SF,Cavaliers,5
255,Larry Nance Jr.,205,104.3,8.8,7.9,3.1,1.4,0.6,0.506,0.176,66,76,70,22,PF,Cavaliers,4
256,Ante Zizic,210,115.2,6.8,5.1,0.6,0.2,0.4,0.454,0.000,66,70,68,41,C,Cavaliers,3
257,Channing Frye,213,115,3.4,1.6,0.6,0.2,0.1,0.326,0.328,66,66,66,9,PF,Cavaliers,3
258,David Nwaba,193,99,6.8,3.1,0.8,0.7,0.3,0.390,0.230,65,64,65,12,PG,Cavaliers,3
259,John Wall,193,95.2,20.7,3.6,8.7,1.5,0.9,0.426,0.277,86,85,89,2,PG,Wizards,6
260,Bradley Beal,195,93.9,24.9,5.1,5.2,1.4,0.8,0.479,0.356,90,80,89,3,PG,Wizards,6
261,Dwight Howard,210,120,12.8,9.2,0.4,0.8,0.4,0.606,0.000,72,84,82,21,C,Wizards,5
262,Bobby Portis,210,113,14.8,7.3,1.3,0.5,0.3,0.457,0.345,75,77,77,5,PF,Wizards,5
263,Jabari Parker,203,111.1,14.1,6.3,2.3,0.7,0.4,0.450,0.265,77,73,76,12,SF,Wizards,5
264,Kelly Oubre Jr.,200,93,12.9,4.4,0.7,0.9,0.7,0.427,0.319,77,77,77,3,SF,Wizards,5
265,Thomas Bryant,210,112.5,9.6,5.8,1.1,0.4,0.8,0.594,0.174,66,76,70,13,C,Wizards,4
266,Trevor Ariza,203,97.5,12.3,5.5,3.8,1.5,0.2,0.378,0.333,66,70,68,1,SF,Wizards,3
267,Markieff Morris,208,111.1,11.5,5.1,1.8,0.7,0.6,0.416,0.284,66,66,66,0,PF,Wizards,3
268,Tomas Satoransky,200,95.2,8,3.1,4.2,1,0.2,0.457,0.330,65,64,65,31,SG,Wizards,3
269,Jeremy Lin,190,90.7,10.6,2.3,3.5,0.7,0.1,0.459,0.291,80,77,80,7,PG,Hawks,5
270,Vince Carter,198,99.8,6.5,2.6,1,0.6,0.3,0.376,0.316,75,74,75,15,SG,Hawks,5
271,John Collins,208,106.8,19.4,10,2.2,0.3,0.4,0.580,0.272,85,81,85,20,PF,Hawks,6
272,Dewayne Dedmon,213,111,10.3,7.2,1.3,1,1,0.488,0.317,75,78,79,14,C,Hawks,5
273,Taurean Prince,203,99.8,13.7,3.7,1.9,1.1,0.3,0.454,0.409,75,74,73,12,SF,Hawks,4
274,Kent Bazemore,195,91.1,13.3,3.9,2.5,1.6,0.8,0.430,0.286,75,74,72,24,SG,Hawks,4
275,Alex Len,215,113.4,10.1,5.7,1,0.4,0.9,0.460,0.238,70,70,70,25,C,Hawks,4
276,Kevin Huerte,200,86.2,9.3,3.3,2.9,0.9,0.4,0.409,0.343,65,60,63,3,SG,Hawks,3
277,Trae Young,188,82,16.8,3.2,7.4,0.9,0.2,0.409,0.304,75,70,73,1,PG,Hawks,4
278,Nikola Vucevic,213,117.9,20.6,11.9,3.8,0.9,1.2,0.521,0.328,90,76,84,9,C,Magic,5
279,Aaron Gordon,205,99.8,15.9,7.4,0.7,0.7,0.7,0.447,0.322,83,80,85,0,PF,Magic,6
280,Terrence Ross,200,93.4,14.7,3.3,1.5,0.9,0.4,0.440,0.390,77,75,76,31,SG,Magic,5
281,Evan Fournier,200,93,15,3,3.5,0.9,0.1,0.431,0.338,77,76,78,10,SG,Magic,5
282,Jonathan Isaac,208,95.2,8.4,5.3,1.1,0.8,1.2,0.402,0.242,74,77,73,1,SF,Magic,4
283,Mo Bamba,213,100.2,6.2,5,0.8,0.3,1.4,0.467,0.230,75,76,75,5,C,Magic,5
284,Jerian Grant,193,93,4.1,1.8,2.9,0.8,0.1,0.355,0.274,66,76,70,22,PG,Magic,4
285,D.J. Augustin,182,83,11.6,2.1,4.7,0.6,0.6,0.455,0.426,66,70,68,14,PG,Magic,3
286,Wes Iwundu,200,88.4,4.8,2.2,0.8,0.4,0.3,0.370,0.204,70,77,75,25,SF,Magic,5
287,Kemba Walker,185,83.4,24.8,4.4,5.7,1.2,0.5,0.424,0.346,85,83,84,15,PG,Hornets,5
288,Tony Parker,187,83.9,9.6,1.5,3.8,0.4,0.1,0.405,0.112,77,72,76,9,PG,Hornets,5
289,Cody Zeller,213,108.8,9.2,6.5,2.1,0.7,0.8,0.566,0.117,77,77,77,40,C,Hornets,5
290,Jeremy Lamb,195,83.9,14.5,5.5,1.9,1,0.3,0.452,0.325,76,76,76,3,SG,Hornets,5
291,Malik Monk,190,90.7,10.5,1.7,1.7,0.5,0.3,0.379,0.303,77,78,77,1,PG,Hornets,5
292,Marvin Williams,205,107,10.2,5.5,1.2,0.9,0.8,0.409,0.367,66,76,70,2,SF,Hornets,4
293,Willy Hernangomez,210,108.8,7.4,5.5,0.9,0.3,0.3,0.508,0.193,66,70,68,41,C,Hornets,3
294,Bismack Biyombo,205,115.6,4.5,5,0.6,0.2,1.1,0.473,0.000,66,66,66,8,C,Hornets,3